{
  "_id": "5ef4a412aab3841847750ce8",
  "name": "Jane Doe",
  "postedAt": "2022-04-06T18:46:01.577Z",
  "poster": "https://images.unsplash.com/photo-1606787366850-de6330128bfc?ixlib=rb-4.0.3&ixid=MnwxMjA3fDB8MHxzZWFyY2h8Mnx8Zm9vZCUyMHdhbGxwYXBlcnxlbnwwfHwwfHw%3D&w=1000&q=80",
  "tag": "food",
  "title": "Delicious Food",
  "description": "Lorem ipsum dolor sit amet consectetur adipisicing elit. Sequi perferendis molestiae non nemo doloribus. Doloremque, nihil! At ea atque quidem!",
  "avatar": "https://i.pravatar.cc/40?img=2"
}
